[

    {
        "id":1,
        "Name":"BNB",
        "Contract":"0X",
        "fee":false,
        "image":"https://seeklogo.com/images/B/bnb-logo-AC3FE1FF33-seeklogo.com.png",
        "balance":0
    },
    {
        "id":2,
        "Name":"Crft",
        "Contract":"0X",
        "fee":true,
        "image":"",
        "balance":0
    },
    {
        "id":3,
        "Name":"BUSD",
        "Contract":"0X",
        "fee":true,
        "image":"https://cryptologos.cc/logos/binance-usd-busd-logo.png?v=023",
        "balance":0
    }
]